路口,walking area ID,宽度m,最低要求m,连接道路
J01,:J01_w0,6.4,4.0,R01 | R05
J02,:J02_w0,4.0,4.0,R02 | R05 | R06
J03,:J03_w0,6.4,4.0,R04 | R06
J04,:J04_w0,4.0,4.0,R03 | R04
J06,:J06_w0,4.0,4.0,R08a | R10
J07,:J07_w0,4.0,4.0,R07 | R08b | R09a
J08,:J08_w0,4.0,4.0,R02 | R07
J09,:J09_w0,4.0,4.0,R10 | R12 | R14
J10,:J10_w0,4.0,4.0,R12 | R13 | R15
J11,:J11_w0,5.0,5.0,R13 | R25a | R25b | R29
J12,:J12_w0,4.0,4.0,R09b | R16
J13,:J13_w0,4.0,4.0,R14 | R16 | R17
J14,:J14_w0,4.0,4.0,R15 | R17 | R18
J15,:J15_w0,5.0,5.0,R18 | R25b | R25c | R30
J17,:J17_w0,4.0,4.0,R22 | R23
J18,:J18_w0,4.0,4.0,R22 | R26a
J19,:J19_w0,6.4,4.0,R23 | R24 | R25a
J26,:J26_w0,4.0,4.0,R01 | R08a | R08b
J27,:J27_w0,4.0,4.0,R03 | R09a | R09b
J28,:J28_w0,4.0,4.0,R26a | R26b | R29
J29,:J29_w0,4.0,4.0,R26b | R26c | R30
J30,:J30_w0,4.0,4.0,R25c | R31
J31,:J31_w0,4.0,4.0,R26c | R31
